Year,GDP Exp
1970,5.032050133
1980,5.070119858
1990,4.055520058
2000,4.014750004
2010,5.687369823
2020,5.497700214
