Year,Male,Female
1970,74.5515976,56.59486008
1980,76.18647766,59.07780075
1990,81.33847046,67.90116119
2000,86.2038269,75.60633087
2010,88.38668823,79.96183014
2020,90.11466217,83.32520294
